[
  {
    "Title": "Step 1 - Eppic Records in Hospital List",
    "Status": "PASS/Stop do not go to next step",
    "EppicRecords": [
      {
        "PersonID": "12345",
        "Phone_Number": "1234567890",
        "AddressLine1": "70 bUQQld bd",
        "AddressLine2": " ",
        "City": "wEST Orange",
        "State": "nj",
        "ZipCode": "12345"
      }
    ]
  },
  {
    "Title": "Step 1 - Eppic Records Not in Hospital List",
    "Status": "FAIL Go to next Step",
    "EppicRecords": [
      {
        "PersonID": "5094334",
        "Phone_Number": "2512271296",
        "AddressLine1": "705 qfGzfLlf fVE",
        "AddressLine2": " ",
        "City": "EVERGREEN",
        "State": "AL",
        "ZipCode": "36401"
      },
      {
        "PersonID": "6359555",
        "Phone_Number": "7866552347",
        "AddressLine1": "400 pEzdqfL fVE z",
        "AddressLine2": "APT 209",
        "City": "CHISHOLM",
        "State": "MN",
        "ZipCode": "55719"
      },
      {
        "PersonID": "6488958",
        "Phone_Number": "2546330042",
        "AddressLine1": "3409 pLlzKEzBEfqD Dq",
        "AddressLine2": " ",
        "City": "KILLEEN",
        "State": "TX",
        "ZipCode": "76543"
      },
      {
        "PersonID": "8019021",
        "Phone_Number": "2402961379",
        "AddressLine1": "7774 EfbY bd",
        "AddressLine2": " ",
        "City": "TEMPLE HILLS",
        "State": "MD",
        "ZipCode": "20748"
      },
      {
        "PersonID": "11082128",
        "Phone_Number": "8023314909",
        "AddressLine1": "840 b BqfWzELL qD",
        "AddressLine2": " ",
        "City": "WILLISTON",
        "State": "VT",
        "ZipCode": "05495"
      }
    ]
  },
  {
    "Title": "Step 2 - Eppic Records in Giact DB",
    "Status": "Match",
    "EppicRecords": [
      {
        "PersonID": "5094334",
        "Phone_Number": "2512271296",
        "AddressLine1": "705 qfGzfLlf fVE",
        "AddressLine2": " ",
        "City": "EVERGREEN",
        "State": "AL",
        "ZipCode": "36401"
      },
      {
        "PersonID": "6488958",
        "Phone_Number": "2546330042",
        "AddressLine1": "3409 pLlzKEzBEfqD Dq",
        "AddressLine2": " ",
        "City": "KILLEEN",
        "State": "TX",
        "ZipCode": "76543"
      }
    ]
  },
  {
    "Title": "Step 2 - Eppic Records Not in Giact DB",
    "Status": "moving to step 3",
    "EppicRecords": [
      {
        "PersonID": "6359555",
        "Phone_Number": "7866552347",
        "AddressLine1": "400 pEzdqfL fVE z",
        "AddressLine2": "APT 209",
        "City": "CHISHOLM",
        "State": "MN",
        "ZipCode": "55719"
      },
      {
        "PersonID": "8019021",
        "Phone_Number": "2402961379",
        "AddressLine1": "7774 EfbY bd",
        "AddressLine2": " ",
        "City": "TEMPLE HILLS",
        "State": "MD",
        "ZipCode": "20748"
      },
      {
        "PersonID": "11082128",
        "Phone_Number": "8023314909",
        "AddressLine1": "840 b BqfWzELL qD",
        "AddressLine2": " ",
        "City": "WILLISTON",
        "State": "VT",
        "ZipCode": "05495"
      }
    ]
  },
  {
    "Title": "Step 3 part 3 - Failed verification",
    "Status": "FAIL Verification",
    "EppicRecords": [
      {
        "PersonID": "11082128",
        "Phone_Number": "8023314909",
        "AddressLine1": "840 b BqfWzELL qD",
        "AddressLine2": " ",
        "City": "WILLISTON",
        "State": "VT",
        "ZipCode": "05495"
      }
    ]
  }
]